ISBN,Book-Title,Image-URL-L
0440234743,The Testament,http://images.amazon.com/images/P/0440234743.01.LZZZZZZZ.jpg
0452264464,Beloved (Plume Contemporary Fiction),http://images.amazon.com/images/P/0452264464.01.LZZZZZZZ.jpg
0971880107,Wild Animus,http://images.amazon.com/images/P/0971880107.01.LZZZZZZZ.jpg
0345402871,Airframe,http://images.amazon.com/images/P/0345402871.01.LZZZZZZZ.jpg
0345417623,Timeline,http://images.amazon.com/images/P/0345417623.01.LZZZZZZZ.jpg
0446310786,To Kill a Mockingbird,http://images.amazon.com/images/P/0446310786.01.LZZZZZZZ.jpg
0449005615,Seabiscuit: An American Legend,http://images.amazon.com/images/P/0449005615.01.LZZZZZZZ.jpg
0671888587,I'll Be Seeing You,http://images.amazon.com/images/P/0671888587.01.LZZZZZZZ.jpg
0553582747,From the Corner of His Eye,http://images.amazon.com/images/P/0553582747.01.LZZZZZZZ.jpg
0425182908,Isle of Dogs,http://images.amazon.com/images/P/0425182908.01.LZZZZZZZ.jpg
042518630X,Purity in Death,http://images.amazon.com/images/P/042518630X.01.LZZZZZZZ.jpg
0842342702,Left Behind: A Novel of the Earth's Last Days (Left Behind #1),http://images.amazon.com/images/P/0842342702.01.LZZZZZZZ.jpg
0440225701,The Street Lawyer,http://images.amazon.com/images/P/0440225701.01.LZZZZZZZ.jpg
042511774X,Breathing Lessons,http://images.amazon.com/images/P/042511774X.01.LZZZZZZZ.jpg
0804106304,The Joy Luck Club,http://images.amazon.com/images/P/0804106304.01.LZZZZZZZ.jpg
0140067477,The Tao of Pooh,http://images.amazon.com/images/P/0140067477.01.LZZZZZZZ.jpg
0345465083,Seabiscuit,http://images.amazon.com/images/P/0345465083.01.LZZZZZZZ.jpg
0316769487,The Catcher in the Rye,http://images.amazon.com/images/P/0316769487.01.LZZZZZZZ.jpg
0679429220,Midnight in the Garden of Good and Evil: A Savannah Story,http://images.amazon.com/images/P/0679429220.01.LZZZZZZZ.jpg
0671867156,Pretend You Don't See Her,http://images.amazon.com/images/P/0671867156.01.LZZZZZZZ.jpg
0451166892,The Pillars of the Earth,http://images.amazon.com/images/P/0451166892.01.LZZZZZZZ.jpg
067976397X,Corelli's Mandolin : A Novel,http://images.amazon.com/images/P/067976397X.01.LZZZZZZZ.jpg
0786868716,The Five People You Meet in Heaven,http://images.amazon.com/images/P/0786868716.01.LZZZZZZZ.jpg
0446612545,The Beach House,http://images.amazon.com/images/P/0446612545.01.LZZZZZZZ.jpg
0671027360,Angels &amp; Demons,http://images.amazon.com/images/P/0671027360.01.LZZZZZZZ.jpg
0671042858,The Girl Who Loved Tom Gordon,http://images.amazon.com/images/P/0671042858.01.LZZZZZZZ.jpg
0425184226,The Sum of All Fears,http://images.amazon.com/images/P/0425184226.01.LZZZZZZZ.jpg
0060976845,Little Altars Everywhere: A Novel,http://images.amazon.com/images/P/0060976845.01.LZZZZZZZ.jpg
0671004573,Before I Say Good-Bye,http://images.amazon.com/images/P/0671004573.01.LZZZZZZZ.jpg
038572179X,Atonement : A Novel,http://images.amazon.com/images/P/038572179X.01.LZZZZZZZ.jpg
0330332775,Bridget Jones's Diary,http://images.amazon.com/images/P/0330332775.01.LZZZZZZZ.jpg
0060977493,The God of Small Things,http://images.amazon.com/images/P/0060977493.01.LZZZZZZZ.jpg
0316602906,The Big Bad Wolf: A Novel,http://images.amazon.com/images/P/0316602906.01.LZZZZZZZ.jpg
0316693006,Four Blind Mice,http://images.amazon.com/images/P/0316693006.01.LZZZZZZZ.jpg
0345378490,Congo,http://images.amazon.com/images/P/0345378490.01.LZZZZZZZ.jpg
0375705856,Plainsong (Vintage Contemporaries),http://images.amazon.com/images/P/0375705856.01.LZZZZZZZ.jpg
0380717018,Body of Evidence (Kay Scarpetta Mysteries (Paperback)),http://images.amazon.com/images/P/0380717018.01.LZZZZZZZ.jpg
0380718332,All That Remains (Kay Scarpetta Mysteries (Paperback)),http://images.amazon.com/images/P/0380718332.01.LZZZZZZZ.jpg
0385497466,The Brethren,http://images.amazon.com/images/P/0385497466.01.LZZZZZZZ.jpg
0385508042,The King of Torts,http://images.amazon.com/images/P/0385508042.01.LZZZZZZZ.jpg
0385511612,Bleachers,http://images.amazon.com/images/P/0385511612.01.LZZZZZZZ.jpg
0385730586,Sisterhood of the Traveling Pants,http://images.amazon.com/images/P/0385730586.01.LZZZZZZZ.jpg
0446605484,Roses Are Red (Alex Cross Novels),http://images.amazon.com/images/P/0446605484.01.LZZZZZZZ.jpg
0446610399,The Rescue,http://images.amazon.com/images/P/0446610399.01.LZZZZZZZ.jpg
0449006522,Manhattan Hunt Club,http://images.amazon.com/images/P/0449006522.01.LZZZZZZZ.jpg
0452282152,Girl with a Pearl Earring,http://images.amazon.com/images/P/0452282152.01.LZZZZZZZ.jpg
0671027387,Deception Point,http://images.amazon.com/images/P/0671027387.01.LZZZZZZZ.jpg
0684848783,Tis : A Memoir,http://images.amazon.com/images/P/0684848783.01.LZZZZZZZ.jpg
155874262X,Chicken Soup for the Soul (Chicken Soup for the Soul),http://images.amazon.com/images/P/155874262X.01.LZZZZZZZ.jpg
0060987103,Wicked: The Life and Times of the Wicked Witch of the West,http://images.amazon.com/images/P/0060987103.01.LZZZZZZZ.jpg
0151008116,Life of Pi,http://images.amazon.com/images/P/0151008116.01.LZZZZZZZ.jpg
0525947647,Lies and the Lying Liars Who Tell Them: A Fair and Balanced Look at the Right,http://images.amazon.com/images/P/0525947647.01.LZZZZZZZ.jpg
0804111359,Secret History,http://images.amazon.com/images/P/0804111359.01.LZZZZZZZ.jpg
1558744150,Chicken Soup for the Woman's Soul (Chicken Soup for the Soul Series (Paper)),http://images.amazon.com/images/P/1558744150.01.LZZZZZZZ.jpg
0316782505,The Weight of Water,http://images.amazon.com/images/P/0316782505.01.LZZZZZZZ.jpg
0451526341,Animal Farm,http://images.amazon.com/images/P/0451526341.01.LZZZZZZZ.jpg
0684833395,Catch 22,http://images.amazon.com/images/P/0684833395.01.LZZZZZZZ.jpg
044023722X,A Painted House,http://images.amazon.com/images/P/044023722X.01.LZZZZZZZ.jpg
0380730138,Vinegar Hill (Oprah's Book Club (Paperback)),http://images.amazon.com/images/P/0380730138.01.LZZZZZZZ.jpg
0142001740,The Secret Life of Bees,http://images.amazon.com/images/P/0142001740.01.LZZZZZZZ.jpg
0312995423,Digital Fortress : A Thriller,http://images.amazon.com/images/P/0312995423.01.LZZZZZZZ.jpg
038542471X,The Client,http://images.amazon.com/images/P/038542471X.01.LZZZZZZZ.jpg
0515128554,Heart of the Sea (Irish Trilogy),http://images.amazon.com/images/P/0515128554.01.LZZZZZZZ.jpg
0380012863,Jonathan Livingston Seagull,http://images.amazon.com/images/P/0380012863.01.LZZZZZZZ.jpg
0671867113,Moonlight Becomes You,http://images.amazon.com/images/P/0671867113.01.LZZZZZZZ.jpg
0060173289,Divine Secrets of the Ya-Ya Sisterhood : A Novel,http://images.amazon.com/images/P/0060173289.01.LZZZZZZZ.jpg
006101351X,The Perfect Storm : A True Story of Men Against the Sea,http://images.amazon.com/images/P/006101351X.01.LZZZZZZZ.jpg
0316666343,The Lovely Bones: A Novel,http://images.amazon.com/images/P/0316666343.01.LZZZZZZZ.jpg
0440224675,Hannibal,http://images.amazon.com/images/P/0440224675.01.LZZZZZZZ.jpg
1878424319,The Four Agreements: A Practical Guide to Personal Freedom,http://images.amazon.com/images/P/1878424319.01.LZZZZZZZ.jpg
044021145X,The Firm,http://images.amazon.com/images/P/044021145X.01.LZZZZZZZ.jpg
0345424719,A Widow for One Year,http://images.amazon.com/images/P/0345424719.01.LZZZZZZZ.jpg
0375726403,Empire Falls,http://images.amazon.com/images/P/0375726403.01.LZZZZZZZ.jpg
0440226104,Black and Blue,http://images.amazon.com/images/P/0440226104.01.LZZZZZZZ.jpg
0671021001,She's Come Undone (Oprah's Book Club),http://images.amazon.com/images/P/0671021001.01.LZZZZZZZ.jpg
0805063897,Nickel and Dimed: On (Not) Getting By in America,http://images.amazon.com/images/P/0805063897.01.LZZZZZZZ.jpg
0842329129,Left Behind: A Novel of the Earth's Last Days (Left Behind No. 1),http://images.amazon.com/images/P/0842329129.01.LZZZZZZZ.jpg
0060915544,The Bean Trees,http://images.amazon.com/images/P/0060915544.01.LZZZZZZZ.jpg
0060932759,Daughter of Fortune,http://images.amazon.com/images/P/0060932759.01.LZZZZZZZ.jpg
0312195516,The Red Tent (Bestselling Backlist),http://images.amazon.com/images/P/0312195516.01.LZZZZZZZ.jpg
0312278586,The Nanny Diaries: A Novel,http://images.amazon.com/images/P/0312278586.01.LZZZZZZZ.jpg
0380710218,Postmortem,http://images.amazon.com/images/P/0380710218.01.LZZZZZZZ.jpg
0671673688,While My Pretty One Sleeps,http://images.amazon.com/images/P/0671673688.01.LZZZZZZZ.jpg
0156027321,Life of Pi,http://images.amazon.com/images/P/0156027321.01.LZZZZZZZ.jpg
0385721420,Three Junes,http://images.amazon.com/images/P/0385721420.01.LZZZZZZZ.jpg
0451202341,Back Roads,http://images.amazon.com/images/P/0451202341.01.LZZZZZZZ.jpg
0449907481,A Thousand Acres (Ballantine Reader's Circle),http://images.amazon.com/images/P/0449907481.01.LZZZZZZZ.jpg
080213825X,Four Blondes,http://images.amazon.com/images/P/080213825X.01.LZZZZZZZ.jpg
0515127833,River's End,http://images.amazon.com/images/P/0515127833.01.LZZZZZZZ.jpg
0385490992,The Street Lawyer,http://images.amazon.com/images/P/0385490992.01.LZZZZZZZ.jpg
0385424728,The Chamber,http://images.amazon.com/images/P/0385424728.01.LZZZZZZZ.jpg
0385472951,The Partner,http://images.amazon.com/images/P/0385472951.01.LZZZZZZZ.jpg
0425182878,Chosen Prey,http://images.amazon.com/images/P/0425182878.01.LZZZZZZZ.jpg
0553564528,Guilty as Sin,http://images.amazon.com/images/P/0553564528.01.LZZZZZZZ.jpg
055356451X,Night Sins,http://images.amazon.com/images/P/055356451X.01.LZZZZZZZ.jpg
0345313860,"The Vampire Lestat (Vampire Chronicles, Book II)",http://images.amazon.com/images/P/0345313860.01.LZZZZZZZ.jpg
0345369947,The Mummy or Ramses the Damned,http://images.amazon.com/images/P/0345369947.01.LZZZZZZZ.jpg
0446394521,Daisy Fay and the Miracle Man,http://images.amazon.com/images/P/0446394521.01.LZZZZZZZ.jpg
068484267X,Angela's Ashes: A Memoir,http://images.amazon.com/images/P/068484267X.01.LZZZZZZZ.jpg
0553578693,The Next Accident,http://images.amazon.com/images/P/0553578693.01.LZZZZZZZ.jpg
0060938455,Fast Food Nation: The Dark Side of the All-American Meal,http://images.amazon.com/images/P/0060938455.01.LZZZZZZZ.jpg
0440122090,Echoes,http://images.amazon.com/images/P/0440122090.01.LZZZZZZZ.jpg
0061009059,One for the Money (Stephanie Plum Novels (Paperback)),http://images.amazon.com/images/P/0061009059.01.LZZZZZZZ.jpg
0446364193,Along Came a Spider (Alex Cross Novels),http://images.amazon.com/images/P/0446364193.01.LZZZZZZZ.jpg
0446519138,Simple Abundance:  A Daybook of Comfort and Joy,http://images.amazon.com/images/P/0446519138.01.LZZZZZZZ.jpg
0399144463,Who Moved My Cheese? An Amazing Way to Deal with Change in Your Work and in Your Life,http://images.amazon.com/images/P/0399144463.01.LZZZZZZZ.jpg
0446672211,Where the Heart Is (Oprah's Book Club (Paperback)),http://images.amazon.com/images/P/0446672211.01.LZZZZZZZ.jpg
0140293248,The Girls' Guide to Hunting and Fishing,http://images.amazon.com/images/P/0140293248.01.LZZZZZZZ.jpg
0142000205,Icy Sparks,http://images.amazon.com/images/P/0142000205.01.LZZZZZZZ.jpg
0385504209,The Da Vinci Code,http://images.amazon.com/images/P/0385504209.01.LZZZZZZZ.jpg
0446525502,The Rescue,http://images.amazon.com/images/P/0446525502.01.LZZZZZZZ.jpg
0670892963,Bridget Jones : The Edge of Reason,http://images.amazon.com/images/P/0670892963.01.LZZZZZZZ.jpg
0316789089,The Pilot's Wife : A Novel Tag: Author of the Weight of Water (Oprah's Book Club (Hardcover)),http://images.amazon.com/images/P/0316789089.01.LZZZZZZZ.jpg
0385505833,Skipping Christmas,http://images.amazon.com/images/P/0385505833.01.LZZZZZZZ.jpg
0743206045,Daddy's Little Girl,http://images.amazon.com/images/P/0743206045.01.LZZZZZZZ.jpg
0446531332,Nights in Rodanthe,http://images.amazon.com/images/P/0446531332.01.LZZZZZZZ.jpg
0385420161,"Like Water for Chocolate: A Novel in Monthly Installments, With Recipes, Romances, and Home Remedies",http://images.amazon.com/images/P/0385420161.01.LZZZZZZZ.jpg
0345339711,"The Two Towers (The Lord of the Rings, Part 2)",http://images.amazon.com/images/P/0345339711.01.LZZZZZZZ.jpg
0316969443,Suzanne's Diary for Nicholas,http://images.amazon.com/images/P/0316969443.01.LZZZZZZZ.jpg
0316693200,2nd Chance,http://images.amazon.com/images/P/0316693200.01.LZZZZZZZ.jpg
0064407667,"The Bad Beginning (A Series of Unfortunate Events, Book 1)",http://images.amazon.com/images/P/0064407667.01.LZZZZZZZ.jpg
0316776963,Me Talk Pretty One Day,http://images.amazon.com/images/P/0316776963.01.LZZZZZZZ.jpg
0451181379,The Door to December,http://images.amazon.com/images/P/0451181379.01.LZZZZZZZ.jpg
038529929X,Hannibal,http://images.amazon.com/images/P/038529929X.01.LZZZZZZZ.jpg
1573229571,About a Boy (Movie Tie-In),http://images.amazon.com/images/P/1573229571.01.LZZZZZZZ.jpg
0743211383,Dreamcatcher,http://images.amazon.com/images/P/0743211383.01.LZZZZZZZ.jpg
0451205421,The Door to December,http://images.amazon.com/images/P/0451205421.01.LZZZZZZZ.jpg
0440218535,Smilla's Sense of Snow,http://images.amazon.com/images/P/0440218535.01.LZZZZZZZ.jpg
0345391802,The Hitchhiker's Guide to the Galaxy,http://images.amazon.com/images/P/0345391802.01.LZZZZZZZ.jpg
0440219078,The Giver (21st Century Reference),http://images.amazon.com/images/P/0440219078.01.LZZZZZZZ.jpg
0385493800,The Testament,http://images.amazon.com/images/P/0385493800.01.LZZZZZZZ.jpg
0440211727,A Time to Kill,http://images.amazon.com/images/P/0440211727.01.LZZZZZZZ.jpg
038533334X,Charming Billy,http://images.amazon.com/images/P/038533334X.01.LZZZZZZZ.jpg
0553561618,Dark Paradise,http://images.amazon.com/images/P/0553561618.01.LZZZZZZZ.jpg
0312422156,Middlesex: A Novel,http://images.amazon.com/images/P/0312422156.01.LZZZZZZZ.jpg
044022165X,The Rainmaker,http://images.amazon.com/images/P/044022165X.01.LZZZZZZZ.jpg
0425124347,The Bad Place,http://images.amazon.com/images/P/0425124347.01.LZZZZZZZ.jpg
0312282990,The Amazing Adventures of Kavalier &amp; Clay,http://images.amazon.com/images/P/0312282990.01.LZZZZZZZ.jpg
0394820371,The Phantom Tollbooth,http://images.amazon.com/images/P/0394820371.01.LZZZZZZZ.jpg
0449134482,Dances With Wolves,http://images.amazon.com/images/P/0449134482.01.LZZZZZZZ.jpg
0345348036,The Princess Bride: S Morgenstern's Classic Tale of True Love and High Adventure,http://images.amazon.com/images/P/0345348036.01.LZZZZZZZ.jpg
034538184X,Degree of Guilt,http://images.amazon.com/images/P/034538184X.01.LZZZZZZZ.jpg
0671510053,SHIPPING NEWS,http://images.amazon.com/images/P/0671510053.01.LZZZZZZZ.jpg
055321313X,Anne of Green Gables (Anne of Green Gables Novels (Paperback)),http://images.amazon.com/images/P/055321313X.01.LZZZZZZZ.jpg
0743237188,Fall On Your Knees (Oprah #45),http://images.amazon.com/images/P/0743237188.01.LZZZZZZZ.jpg
0345443284,While I Was Gone,http://images.amazon.com/images/P/0345443284.01.LZZZZZZZ.jpg
0553273914,The House of the Spirits,http://images.amazon.com/images/P/0553273914.01.LZZZZZZZ.jpg
039592720X,Interpreter of Maladies,http://images.amazon.com/images/P/039592720X.01.LZZZZZZZ.jpg
0060928336,Divine Secrets of the Ya-Ya Sisterhood: A Novel,http://images.amazon.com/images/P/0060928336.01.LZZZZZZZ.jpg
0671003755,She's Come Undone (Oprah's Book Club (Paperback)),http://images.amazon.com/images/P/0671003755.01.LZZZZZZZ.jpg
0440215625,Dragonfly in Amber,http://images.amazon.com/images/P/0440215625.01.LZZZZZZZ.jpg
0316777730,Naked,http://images.amazon.com/images/P/0316777730.01.LZZZZZZZ.jpg
0446601241,Kiss the Girls,http://images.amazon.com/images/P/0446601241.01.LZZZZZZZ.jpg
0345384466,The Witching Hour (Lives of the Mayfair Witches),http://images.amazon.com/images/P/0345384466.01.LZZZZZZZ.jpg
0446604801,Jack &amp; Jill (Alex Cross Novels),http://images.amazon.com/images/P/0446604801.01.LZZZZZZZ.jpg
0679734775,The House on Mango Street (Vintage Contemporaries),http://images.amazon.com/images/P/0679734775.01.LZZZZZZZ.jpg
0671027344,The Perks of Being a Wallflower,http://images.amazon.com/images/P/0671027344.01.LZZZZZZZ.jpg
006019491X,Daughter of Fortune : A Novel (Oprah's Book Club (Hardcover)),http://images.amazon.com/images/P/006019491X.01.LZZZZZZZ.jpg
0380789035,American Gods,http://images.amazon.com/images/P/0380789035.01.LZZZZZZZ.jpg
0440206154,Red Dragon,http://images.amazon.com/images/P/0440206154.01.LZZZZZZZ.jpg
0345370775,Jurassic Park,http://images.amazon.com/images/P/0345370775.01.LZZZZZZZ.jpg
0380789019,Neverwhere,http://images.amazon.com/images/P/0380789019.01.LZZZZZZZ.jpg
0380018179,The Thorn Birds,http://images.amazon.com/images/P/0380018179.01.LZZZZZZZ.jpg
067101420X,"Forever... : A Novel of Good and Evil, Love and Hope",http://images.amazon.com/images/P/067101420X.01.LZZZZZZZ.jpg
0099771519,Memoirs of a Geisha Uk,http://images.amazon.com/images/P/0099771519.01.LZZZZZZZ.jpg
0380813815,"Lamb : The Gospel According to Biff, Christ's Childhood Pal",http://images.amazon.com/images/P/0380813815.01.LZZZZZZZ.jpg
1573225789,The Color of Water: A Black Man's Tribute to His White Mother,http://images.amazon.com/images/P/1573225789.01.LZZZZZZZ.jpg
0553296981,Anne Frank: The Diary of a Young Girl,http://images.amazon.com/images/P/0553296981.01.LZZZZZZZ.jpg
0451169530,The Stand: Complete and Uncut,http://images.amazon.com/images/P/0451169530.01.LZZZZZZZ.jpg
0385335881,Shopaholic Takes Manhattan (Summer Display Opportunity),http://images.amazon.com/images/P/0385335881.01.LZZZZZZZ.jpg
0385335482,Confessions of a Shopaholic (Summer Display Opportunity),http://images.amazon.com/images/P/0385335482.01.LZZZZZZZ.jpg
0373218400,Table For Two,http://images.amazon.com/images/P/0373218400.01.LZZZZZZZ.jpg
0441003257,Good Omens,http://images.amazon.com/images/P/0441003257.01.LZZZZZZZ.jpg
0446606812,Message in a Bottle,http://images.amazon.com/images/P/0446606812.01.LZZZZZZZ.jpg
0671028375,Fatal Voyage,http://images.amazon.com/images/P/0671028375.01.LZZZZZZZ.jpg
0060930535,The Poisonwood Bible: A Novel,http://images.amazon.com/images/P/0060930535.01.LZZZZZZZ.jpg
0375702709,A Lesson Before Dying (Vintage Contemporaries (Paperback)),http://images.amazon.com/images/P/0375702709.01.LZZZZZZZ.jpg
0671038184,Jewel,http://images.amazon.com/images/P/0671038184.01.LZZZZZZZ.jpg
0060916508,Their Eyes Were Watching God: A Novel,http://images.amazon.com/images/P/0060916508.01.LZZZZZZZ.jpg
0345361792,A Prayer for Owen Meany,http://images.amazon.com/images/P/0345361792.01.LZZZZZZZ.jpg
0743225406,The Shipping News : A Novel,http://images.amazon.com/images/P/0743225406.01.LZZZZZZZ.jpg
1400034779,The No. 1 Ladies' Detective Agency (Today Show Book Club #8),http://images.amazon.com/images/P/1400034779.01.LZZZZZZZ.jpg
0786885688,Shopgirl,http://images.amazon.com/images/P/0786885688.01.LZZZZZZZ.jpg
037570504X,"Breath, Eyes, Memory",http://images.amazon.com/images/P/037570504X.01.LZZZZZZZ.jpg
0767902521,A Walk in the Woods: Rediscovering America on the Appalachian Trail (Official Guides to the Appalachian Trail),http://images.amazon.com/images/P/0767902521.01.LZZZZZZZ.jpg
080410753X,The Kitchen God's Wife,http://images.amazon.com/images/P/080410753X.01.LZZZZZZZ.jpg
0140244824,Songs in Ordinary Time (Oprah's Book Club (Paperback)),http://images.amazon.com/images/P/0140244824.01.LZZZZZZZ.jpg
0385508417,Skipping Christmas,http://images.amazon.com/images/P/0385508417.01.LZZZZZZZ.jpg
0385510438,The Last Juror,http://images.amazon.com/images/P/0385510438.01.LZZZZZZZ.jpg
0425185710,Valhalla Rising (Dirk Pitt Adventures (Paperback)),http://images.amazon.com/images/P/0425185710.01.LZZZZZZZ.jpg
014025448X,At Home in Mitford (The Mitford Years),http://images.amazon.com/images/P/014025448X.01.LZZZZZZZ.jpg
0060934417,Bel Canto: A Novel,http://images.amazon.com/images/P/0060934417.01.LZZZZZZZ.jpg
0671793489,All Around the Town,http://images.amazon.com/images/P/0671793489.01.LZZZZZZZ.jpg
0679772677,A Civil Action,http://images.amazon.com/images/P/0679772677.01.LZZZZZZZ.jpg
0312983824,Faking It,http://images.amazon.com/images/P/0312983824.01.LZZZZZZZ.jpg
0440224624,The Loop,http://images.amazon.com/images/P/0440224624.01.LZZZZZZZ.jpg
0743418174,Good in Bed,http://images.amazon.com/images/P/0743418174.01.LZZZZZZZ.jpg
0671004565,We'll Meet Again,http://images.amazon.com/images/P/0671004565.01.LZZZZZZZ.jpg
0345370805,How to Make an American Quilt,http://images.amazon.com/images/P/0345370805.01.LZZZZZZZ.jpg
0375703055,Ellen Foster,http://images.amazon.com/images/P/0375703055.01.LZZZZZZZ.jpg
0312243022,The Hours : A Novel,http://images.amazon.com/images/P/0312243022.01.LZZZZZZZ.jpg
0375700757,Cold Mountain : A Novel,http://images.amazon.com/images/P/0375700757.01.LZZZZZZZ.jpg
0070212570,Fried Green Tomatoes at the Whistle Stop Cafe,http://images.amazon.com/images/P/0070212570.01.LZZZZZZZ.jpg
0316781266,The Last Time They Met : A Novel,http://images.amazon.com/images/P/0316781266.01.LZZZZZZZ.jpg
0380814021,The Princess Diaries,http://images.amazon.com/images/P/0380814021.01.LZZZZZZZ.jpg
0375725784,A Heartbreaking Work of Staggering Genius,http://images.amazon.com/images/P/0375725784.01.LZZZZZZZ.jpg
0345436911,The Dress Lodger (Ballantine Reader's Circle),http://images.amazon.com/images/P/0345436911.01.LZZZZZZZ.jpg
0345339703,"The Fellowship of the Ring (The Lord of the Rings, Part 1)",http://images.amazon.com/images/P/0345339703.01.LZZZZZZZ.jpg
0671042262,The Blue Nowhere : A Novel,http://images.amazon.com/images/P/0671042262.01.LZZZZZZZ.jpg
0679731148,A Year in Provence,http://images.amazon.com/images/P/0679731148.01.LZZZZZZZ.jpg
0449912558,The Sparrow,http://images.amazon.com/images/P/0449912558.01.LZZZZZZZ.jpg
0440226430,Summer Sisters,http://images.amazon.com/images/P/0440226430.01.LZZZZZZZ.jpg
089480829X,What to Expect When You're Expecting (Revised Edition),http://images.amazon.com/images/P/089480829X.01.LZZZZZZZ.jpg
0688177751,Miss Julia Speaks Her Mind : A Novel,http://images.amazon.com/images/P/0688177751.01.LZZZZZZZ.jpg
0345438329,Big Stone Gap: A Novel (Ballantine Reader's Circle),http://images.amazon.com/images/P/0345438329.01.LZZZZZZZ.jpg
0375707972,The Reader,http://images.amazon.com/images/P/0375707972.01.LZZZZZZZ.jpg
0345446860,Back When We Were Grownups : A Novel (Ballantine Reader's Circle),http://images.amazon.com/images/P/0345446860.01.LZZZZZZZ.jpg
0399145087,Black Notice,http://images.amazon.com/images/P/0399145087.01.LZZZZZZZ.jpg
0312990456,One for the Money (A Stephanie Plum Novel),http://images.amazon.com/images/P/0312990456.01.LZZZZZZZ.jpg
0316969680,The Beach House,http://images.amazon.com/images/P/0316969680.01.LZZZZZZZ.jpg
0399501487,Lord of the Flies,http://images.amazon.com/images/P/0399501487.01.LZZZZZZZ.jpg
0425177173,Atlantis Found,http://images.amazon.com/images/P/0425177173.01.LZZZZZZZ.jpg
0440224764,The Partner,http://images.amazon.com/images/P/0440224764.01.LZZZZZZZ.jpg
0553572997,The Alienist,http://images.amazon.com/images/P/0553572997.01.LZZZZZZZ.jpg
0380727501,Notes from a Small Island,http://images.amazon.com/images/P/0380727501.01.LZZZZZZZ.jpg
0373218192,Engaging The Enemy,http://images.amazon.com/images/P/0373218192.01.LZZZZZZZ.jpg
0385486804,Into the Wild,http://images.amazon.com/images/P/0385486804.01.LZZZZZZZ.jpg
0385512104,The Curious Incident of the Dog in the Night-Time (Today Show Book Club #13),http://images.amazon.com/images/P/0385512104.01.LZZZZZZZ.jpg
0440236673,The Brethren,http://images.amazon.com/images/P/0440236673.01.LZZZZZZZ.jpg
0440235162,The Smoke Jumper,http://images.amazon.com/images/P/0440235162.01.LZZZZZZZ.jpg
0425158616,Cause of Death,http://images.amazon.com/images/P/0425158616.01.LZZZZZZZ.jpg
0062502182,The Alchemist: A Fable About Following Your Dream,http://images.amazon.com/images/P/0062502182.01.LZZZZZZZ.jpg
0060175400,The Poisonwood Bible,http://images.amazon.com/images/P/0060175400.01.LZZZZZZZ.jpg
0425169863,Point of Origin,http://images.amazon.com/images/P/0425169863.01.LZZZZZZZ.jpg
0345380371,Rising Sun,http://images.amazon.com/images/P/0345380371.01.LZZZZZZZ.jpg
0446609323,Black Friday,http://images.amazon.com/images/P/0446609323.01.LZZZZZZZ.jpg
0446610038,1st to Die: A Novel,http://images.amazon.com/images/P/0446610038.01.LZZZZZZZ.jpg
0385492081,Into Thin Air : A Personal Account of the Mt. Everest Disaster,http://images.amazon.com/images/P/0385492081.01.LZZZZZZZ.jpg
067976402X,Snow Falling on Cedars,http://images.amazon.com/images/P/067976402X.01.LZZZZZZZ.jpg
0743457358,Everything's Eventual : 14 Dark Tales,http://images.amazon.com/images/P/0743457358.01.LZZZZZZZ.jpg
0425167313,Here on Earth,http://images.amazon.com/images/P/0425167313.01.LZZZZZZZ.jpg
034540288X,The Lost World,http://images.amazon.com/images/P/034540288X.01.LZZZZZZZ.jpg
0609610597,"The Shelters of Stone (Earth's Children Series, No 5)",http://images.amazon.com/images/P/0609610597.01.LZZZZZZZ.jpg
0316182540,White Oleander : A Novel,http://images.amazon.com/images/P/0316182540.01.LZZZZZZZ.jpg
0553282476,CAT'S EYE,http://images.amazon.com/images/P/0553282476.01.LZZZZZZZ.jpg
0449212602,The Handmaid's Tale,http://images.amazon.com/images/P/0449212602.01.LZZZZZZZ.jpg
0684867621,The Girl Who Loved Tom Gordon : A Novel,http://images.amazon.com/images/P/0684867621.01.LZZZZZZZ.jpg
0345413903,The Murder Book,http://images.amazon.com/images/P/0345413903.01.LZZZZZZZ.jpg
0553582143,Body of Lies,http://images.amazon.com/images/P/0553582143.01.LZZZZZZZ.jpg
0316569321,White Oleander : A Novel,http://images.amazon.com/images/P/0316569321.01.LZZZZZZZ.jpg
0553375407,Ishmael: An Adventure of the Mind and Spirit,http://images.amazon.com/images/P/0553375407.01.LZZZZZZZ.jpg
0425115801,Lightning,http://images.amazon.com/images/P/0425115801.01.LZZZZZZZ.jpg
0671024248,Hearts In Atlantis,http://images.amazon.com/images/P/0671024248.01.LZZZZZZZ.jpg
0451151259,Eyes of the Dragon,http://images.amazon.com/images/P/0451151259.01.LZZZZZZZ.jpg
0375727132,The Dive From Clausen's Pier : A Novel (Vintage Contemporaries (Paperback)),http://images.amazon.com/images/P/0375727132.01.LZZZZZZZ.jpg
0446607711,The Simple Truth,http://images.amazon.com/images/P/0446607711.01.LZZZZZZZ.jpg
0140254544,A Light in the Window (The Mitford Years),http://images.amazon.com/images/P/0140254544.01.LZZZZZZZ.jpg
0451524934,1984,http://images.amazon.com/images/P/0451524934.01.LZZZZZZZ.jpg
0345350499,The Mists of Avalon,http://images.amazon.com/images/P/0345350499.01.LZZZZZZZ.jpg
0312976275,Hot Six : A Stephanie Plum Novel (A Stephanie Plum Novel),http://images.amazon.com/images/P/0312976275.01.LZZZZZZZ.jpg
0767905180,Jemima J: A Novel About Ugly Ducklings and Swans,http://images.amazon.com/images/P/0767905180.01.LZZZZZZZ.jpg
059035342X,Harry Potter and the Sorcerer's Stone (Harry Potter (Paperback)),http://images.amazon.com/images/P/059035342X.01.LZZZZZZZ.jpg
0316089699,Sea Glass: A Novel,http://images.amazon.com/images/P/0316089699.01.LZZZZZZZ.jpg
038082101X,Daughter of Fortune: A Novel,http://images.amazon.com/images/P/038082101X.01.LZZZZZZZ.jpg
0671708635,Seven Habits Of Highly Effective People,http://images.amazon.com/images/P/0671708635.01.LZZZZZZZ.jpg
0345342968,Fahrenheit 451,http://images.amazon.com/images/P/0345342968.01.LZZZZZZZ.jpg
0812550706,Ender's Game (Ender Wiggins Saga (Paperback)),http://images.amazon.com/images/P/0812550706.01.LZZZZZZZ.jpg
0345378482,The Andromeda Strain,http://images.amazon.com/images/P/0345378482.01.LZZZZZZZ.jpg
0671758896,"Loves Music, Loves to Dance",http://images.amazon.com/images/P/0671758896.01.LZZZZZZZ.jpg
0345348109,The Killer Angels,http://images.amazon.com/images/P/0345348109.01.LZZZZZZZ.jpg
0451177096,Dolores Claiborne,http://images.amazon.com/images/P/0451177096.01.LZZZZZZZ.jpg
0812511816,"The Eye of the World (The Wheel of Time, Book 1)",http://images.amazon.com/images/P/0812511816.01.LZZZZZZZ.jpg
0425122123,Clear and Present Danger (Jack Ryan Novels),http://images.amazon.com/images/P/0425122123.01.LZZZZZZZ.jpg
0385484518,"Tuesdays with Morrie: An Old Man, a Young Man, and Life's Greatest Lesson",http://images.amazon.com/images/P/0385484518.01.LZZZZZZZ.jpg
0060922532,Pigs in Heaven,http://images.amazon.com/images/P/0060922532.01.LZZZZZZZ.jpg
0440236703,Tell No One,http://images.amazon.com/images/P/0440236703.01.LZZZZZZZ.jpg
1592400876,"Eats, Shoots &amp; Leaves: The Zero Tolerance Approach to Punctuation",http://images.amazon.com/images/P/1592400876.01.LZZZZZZZ.jpg
0375706410,Waiting (Vintage International),http://images.amazon.com/images/P/0375706410.01.LZZZZZZZ.jpg
0425133540,The Sum of All Fears (Jack Ryan Novels),http://images.amazon.com/images/P/0425133540.01.LZZZZZZZ.jpg
0345384350,Icebound,http://images.amazon.com/images/P/0345384350.01.LZZZZZZZ.jpg
0425175405,Black Notice,http://images.amazon.com/images/P/0425175405.01.LZZZZZZZ.jpg
0380731851,Mystic River,http://images.amazon.com/images/P/0380731851.01.LZZZZZZZ.jpg
0316602051,The Jester,http://images.amazon.com/images/P/0316602051.01.LZZZZZZZ.jpg
0446604666,Sick Puppy,http://images.amazon.com/images/P/0446604666.01.LZZZZZZZ.jpg
0061015725,Prey,http://images.amazon.com/images/P/0061015725.01.LZZZZZZZ.jpg
0553579754,Fear Nothing,http://images.amazon.com/images/P/0553579754.01.LZZZZZZZ.jpg
0449221482,J Is for Judgment,http://images.amazon.com/images/P/0449221482.01.LZZZZZZZ.jpg
0553279912,A Is for Alibi (Kinsey Millhone Mysteries (Paperback)),http://images.amazon.com/images/P/0553279912.01.LZZZZZZZ.jpg
0345353145,Sphere,http://images.amazon.com/images/P/0345353145.01.LZZZZZZZ.jpg
0446516538,Slow Waltz in Cedar Bend,http://images.amazon.com/images/P/0446516538.01.LZZZZZZZ.jpg
0440214041,The Pelican Brief,http://images.amazon.com/images/P/0440214041.01.LZZZZZZZ.jpg
0679446486,Airframe,http://images.amazon.com/images/P/0679446486.01.LZZZZZZZ.jpg
0140298479,Bridget Jones: The Edge of Reason,http://images.amazon.com/images/P/0140298479.01.LZZZZZZZ.jpg
0786889020,Don't Stand Too Close to a Naked Man,http://images.amazon.com/images/P/0786889020.01.LZZZZZZZ.jpg
0345337662,Interview with the Vampire,http://images.amazon.com/images/P/0345337662.01.LZZZZZZZ.jpg
0345351525,The Queen of the Damned (Vampire Chronicles (Paperback)),http://images.amazon.com/images/P/0345351525.01.LZZZZZZZ.jpg
0449003787,"\O\"" Is for Outlaw""",http://images.amazon.com/images/P/0449003787.01.LZZZZZZZ.jpg
0385265700,The Book of Ruth (Oprah's Book Club (Paperback)),http://images.amazon.com/images/P/0385265700.01.LZZZZZZZ.jpg
1573229326,How to Be Good,http://images.amazon.com/images/P/1573229326.01.LZZZZZZZ.jpg
0385424736,The Rainmaker,http://images.amazon.com/images/P/0385424736.01.LZZZZZZZ.jpg
0671617028,The Color Purple,http://images.amazon.com/images/P/0671617028.01.LZZZZZZZ.jpg
0446605239,The Notebook,http://images.amazon.com/images/P/0446605239.01.LZZZZZZZ.jpg
0743224574,A Beautiful Mind: The Life of Mathematical Genius and Nobel Laureate John Nash,http://images.amazon.com/images/P/0743224574.01.LZZZZZZZ.jpg
0671004549,You Belong To Me,http://images.amazon.com/images/P/0671004549.01.LZZZZZZZ.jpg
0802139256,Peace Like a River,http://images.amazon.com/images/P/0802139256.01.LZZZZZZZ.jpg
055356160X,Cry Wolf,http://images.amazon.com/images/P/055356160X.01.LZZZZZZZ.jpg
0515120618,Montana Sky,http://images.amazon.com/images/P/0515120618.01.LZZZZZZZ.jpg
0385335830,Diary of a Mad Bride (Summer Display Opportunity),http://images.amazon.com/images/P/0385335830.01.LZZZZZZZ.jpg
0515130389,Carolina Moon,http://images.amazon.com/images/P/0515130389.01.LZZZZZZZ.jpg
080411935X,Standing in the Rainbow,http://images.amazon.com/images/P/080411935X.01.LZZZZZZZ.jpg
0142004235,East of Eden (Oprah's Book Club),http://images.amazon.com/images/P/0142004235.01.LZZZZZZZ.jpg
0515135062,Three Fates,http://images.amazon.com/images/P/0515135062.01.LZZZZZZZ.jpg
0743412028,Pay It Forward,http://images.amazon.com/images/P/0743412028.01.LZZZZZZZ.jpg
0452269571,Bastard Out of Carolina,http://images.amazon.com/images/P/0452269571.01.LZZZZZZZ.jpg
051513287X,Face the Fire (Three Sisters Island Trilogy),http://images.amazon.com/images/P/051513287X.01.LZZZZZZZ.jpg
0060392452,Stupid White Men ...and Other Sorry Excuses for the State of the Nation!,http://images.amazon.com/images/P/0060392452.01.LZZZZZZZ.jpg
0590353403,Harry Potter and the Sorcerer's Stone (Book 1),http://images.amazon.com/images/P/0590353403.01.LZZZZZZZ.jpg
0446532231,"Dude, Where's My Country?",http://images.amazon.com/images/P/0446532231.01.LZZZZZZZ.jpg
0385498802,Bee Season: A Novel,http://images.amazon.com/images/P/0385498802.01.LZZZZZZZ.jpg
0312291639,The Nanny Diaries: A Novel,http://images.amazon.com/images/P/0312291639.01.LZZZZZZZ.jpg
0684874350,ANGELA'S ASHES,http://images.amazon.com/images/P/0684874350.01.LZZZZZZZ.jpg
0446611212,Violets Are Blue,http://images.amazon.com/images/P/0446611212.01.LZZZZZZZ.jpg
0316168688,The Dogs of Babel (Today Show Book Club #12),http://images.amazon.com/images/P/0316168688.01.LZZZZZZZ.jpg
0440241537,The King of Torts,http://images.amazon.com/images/P/0440241537.01.LZZZZZZZ.jpg
034538475X,The Tale of the Body Thief (Vampire Chronicles (Paperback)),http://images.amazon.com/images/P/034538475X.01.LZZZZZZZ.jpg
0380718340,Cruel &amp; Unusual (Kay Scarpetta Mysteries (Paperback)),http://images.amazon.com/images/P/0380718340.01.LZZZZZZZ.jpg
0451153553,Misery,http://images.amazon.com/images/P/0451153553.01.LZZZZZZZ.jpg
0142001805,The Eyre Affair: A Novel,http://images.amazon.com/images/P/0142001805.01.LZZZZZZZ.jpg
0425147622,The Body Farm,http://images.amazon.com/images/P/0425147622.01.LZZZZZZZ.jpg
0345384369,Intensity,http://images.amazon.com/images/P/0345384369.01.LZZZZZZZ.jpg
034539657X,Dark Rivers of the Heart,http://images.amazon.com/images/P/034539657X.01.LZZZZZZZ.jpg
0425144429,Mr. Murder,http://images.amazon.com/images/P/0425144429.01.LZZZZZZZ.jpg
0312305060,The Hours: A Novel,http://images.amazon.com/images/P/0312305060.01.LZZZZZZZ.jpg
0399146431,The Bonesetter's Daughter,http://images.amazon.com/images/P/0399146431.01.LZZZZZZZ.jpg
0375706771,Midwives: A Novel,http://images.amazon.com/images/P/0375706771.01.LZZZZZZZ.jpg
0452260116,Song of Solomon (Oprah's Book Club (Paperback)),http://images.amazon.com/images/P/0452260116.01.LZZZZZZZ.jpg
0451191145,Atlas Shrugged,http://images.amazon.com/images/P/0451191145.01.LZZZZZZZ.jpg
0060987561,I Know This Much Is True,http://images.amazon.com/images/P/0060987561.01.LZZZZZZZ.jpg
0312265867,To the Nines: A Stephanie Plum Novel,http://images.amazon.com/images/P/0312265867.01.LZZZZZZZ.jpg
0786881852,Don't Sweat the Small Stuff and It's All Small Stuff : Simple Ways to Keep the Little Things from Taking Over Your Life (Don't Sweat the Small Stuff Series),http://images.amazon.com/images/P/0786881852.01.LZZZZZZZ.jpg
0345413873,Monster : A Novel (Alex Delaware Novels (Paperback)),http://images.amazon.com/images/P/0345413873.01.LZZZZZZZ.jpg
1559029838,Call of the Wild,http://images.amazon.com/images/P/1559029838.01.LZZZZZZZ.jpg
0679746048,"Girl, Interrupted",http://images.amazon.com/images/P/0679746048.01.LZZZZZZZ.jpg
0446610100,Wish You Well,http://images.amazon.com/images/P/0446610100.01.LZZZZZZZ.jpg
0312966970,Four To Score (A Stephanie Plum Novel),http://images.amazon.com/images/P/0312966970.01.LZZZZZZZ.jpg
051512317X,Rising Tides,http://images.amazon.com/images/P/051512317X.01.LZZZZZZZ.jpg
0380002930,Watership Down,http://images.amazon.com/images/P/0380002930.01.LZZZZZZZ.jpg
0312971346,High Five (A Stephanie Plum Novel),http://images.amazon.com/images/P/0312971346.01.LZZZZZZZ.jpg
0060958022,Five Quarters of the Orange,http://images.amazon.com/images/P/0060958022.01.LZZZZZZZ.jpg
0385474016,"Like Water for Chocolate: A Novel in Monthly Installments With Recipes, Romances and Home Remedies",http://images.amazon.com/images/P/0385474016.01.LZZZZZZZ.jpg
0375412824,The Dive From Clausen's Pier (Alex Awards),http://images.amazon.com/images/P/0375412824.01.LZZZZZZZ.jpg
1558743669,"A Child Called \It\"": One Child's Courage to Survive""",http://images.amazon.com/images/P/1558743669.01.LZZZZZZZ.jpg
0553582135,Final Target,http://images.amazon.com/images/P/0553582135.01.LZZZZZZZ.jpg
0385720106,A Map of the World,http://images.amazon.com/images/P/0385720106.01.LZZZZZZZ.jpg
0553208845,Siddhartha,http://images.amazon.com/images/P/0553208845.01.LZZZZZZZ.jpg
0842329218,Tribulation Force: The Continuing Drama of Those Left Behind (Left Behind No. 2),http://images.amazon.com/images/P/0842329218.01.LZZZZZZZ.jpg
0440221471,The Runaway Jury,http://images.amazon.com/images/P/0440221471.01.LZZZZZZZ.jpg
0425143325,Without Remorse,http://images.amazon.com/images/P/0425143325.01.LZZZZZZZ.jpg
0425180964,The Bear and the Dragon (Jack Ryan Novels),http://images.amazon.com/images/P/0425180964.01.LZZZZZZZ.jpg
0743411250,The Woman Next Door,http://images.amazon.com/images/P/0743411250.01.LZZZZZZZ.jpg
0060502258,The Divine Secrets of the Ya-Ya Sisterhood: A Novel,http://images.amazon.com/images/P/0060502258.01.LZZZZZZZ.jpg
0061020710,The Color of Magic,http://images.amazon.com/images/P/0061020710.01.LZZZZZZZ.jpg
0345339681,The Hobbit : The Enchanting Prelude to The Lord of the Rings,http://images.amazon.com/images/P/0345339681.01.LZZZZZZZ.jpg
1558744630,Chicken Soup for the Teenage Soul (Chicken Soup for the Soul),http://images.amazon.com/images/P/1558744630.01.LZZZZZZZ.jpg
0671004107,Contact,http://images.amazon.com/images/P/0671004107.01.LZZZZZZZ.jpg
0671683993,The Temple of My Familiar,http://images.amazon.com/images/P/0671683993.01.LZZZZZZZ.jpg
0439064872,Harry Potter and the Chamber of Secrets (Book 2),http://images.amazon.com/images/P/0439064872.01.LZZZZZZZ.jpg
0061097314,The Bean Trees,http://images.amazon.com/images/P/0061097314.01.LZZZZZZZ.jpg
0140119906,Love in the Time of Cholera (Penguin Great Books of the 20th Century),http://images.amazon.com/images/P/0140119906.01.LZZZZZZZ.jpg
0553579606,Ashes to Ashes,http://images.amazon.com/images/P/0553579606.01.LZZZZZZZ.jpg
006099486X,"The Professor and the Madman: A Tale of Murder, Insanity, and the Making of The Oxford English Dictionary",http://images.amazon.com/images/P/006099486X.01.LZZZZZZZ.jpg
0553289411,The Plains of Passage (Earth's Children (Paperback)),http://images.amazon.com/images/P/0553289411.01.LZZZZZZZ.jpg
0446530522,Cane River,http://images.amazon.com/images/P/0446530522.01.LZZZZZZZ.jpg
0345447840,The Surgeon,http://images.amazon.com/images/P/0345447840.01.LZZZZZZZ.jpg
0446359866,Presumed Innocent,http://images.amazon.com/images/P/0446359866.01.LZZZZZZZ.jpg
0446612790,2nd Chance,http://images.amazon.com/images/P/0446612790.01.LZZZZZZZ.jpg
0553213148,Anne of Avonlea (Anne of Green Gables Novels (Paperback)),http://images.amazon.com/images/P/0553213148.01.LZZZZZZZ.jpg
0446365505,Pleading Guilty,http://images.amazon.com/images/P/0446365505.01.LZZZZZZZ.jpg
002542730X,Politically Correct Bedtime Stories: Modern Tales for Our Life and Times,http://images.amazon.com/images/P/002542730X.01.LZZZZZZZ.jpg
0451203895,4 Blondes,http://images.amazon.com/images/P/0451203895.01.LZZZZZZZ.jpg
0553272535,Night,http://images.amazon.com/images/P/0553272535.01.LZZZZZZZ.jpg
068484477X,STONES FROM THE RIVER,http://images.amazon.com/images/P/068484477X.01.LZZZZZZZ.jpg
0452283205,Falling Angels,http://images.amazon.com/images/P/0452283205.01.LZZZZZZZ.jpg
0553250531,The Valley of Horses,http://images.amazon.com/images/P/0553250531.01.LZZZZZZZ.jpg
0440213525,The Client,http://images.amazon.com/images/P/0440213525.01.LZZZZZZZ.jpg
0451188462,Desperation,http://images.amazon.com/images/P/0451188462.01.LZZZZZZZ.jpg
0439136350,Harry Potter and the Prisoner of Azkaban (Book 3),http://images.amazon.com/images/P/0439136350.01.LZZZZZZZ.jpg
0064400557,Charlotte's Web (Trophy Newbery),http://images.amazon.com/images/P/0064400557.01.LZZZZZZZ.jpg
0671867172,The Lottery Winner : Alvirah And Willy Stories,http://images.amazon.com/images/P/0671867172.01.LZZZZZZZ.jpg
0316096199,Lucky : A Memoir,http://images.amazon.com/images/P/0316096199.01.LZZZZZZZ.jpg
0671568175,Let Me Call You Sweetheart,http://images.amazon.com/images/P/0671568175.01.LZZZZZZZ.jpg
0449221504,K Is for Killer (Kinsey Millhone Mysteries (Paperback)),http://images.amazon.com/images/P/0449221504.01.LZZZZZZZ.jpg
0446607193,Unspeakable,http://images.amazon.com/images/P/0446607193.01.LZZZZZZZ.jpg
0373484003,Irish Hearts,http://images.amazon.com/images/P/0373484003.01.LZZZZZZZ.jpg
0767905385,Catch Me If You Can: The True Story of a Real Fake,http://images.amazon.com/images/P/0767905385.01.LZZZZZZZ.jpg
0440211263,Circle of Friends,http://images.amazon.com/images/P/0440211263.01.LZZZZZZZ.jpg
0553260111,The Bourne Identity,http://images.amazon.com/images/P/0553260111.01.LZZZZZZZ.jpg
0767900383,Under the Tuscan Sun,http://images.amazon.com/images/P/0767900383.01.LZZZZZZZ.jpg
0684865742,Tis: A Memoir,http://images.amazon.com/images/P/0684865742.01.LZZZZZZZ.jpg
0425116840,The Cardinal of the Kremlin (Jack Ryan Novels),http://images.amazon.com/images/P/0425116840.01.LZZZZZZZ.jpg
074343627X,Dreamcatcher,http://images.amazon.com/images/P/074343627X.01.LZZZZZZZ.jpg
067102423X,Bag of Bones,http://images.amazon.com/images/P/067102423X.01.LZZZZZZZ.jpg
0553268880,The Prince of Tides,http://images.amazon.com/images/P/0553268880.01.LZZZZZZZ.jpg
0316666009,1st to Die: A Novel,http://images.amazon.com/images/P/0316666009.01.LZZZZZZZ.jpg
0446611867,A Bend in the Road,http://images.amazon.com/images/P/0446611867.01.LZZZZZZZ.jpg
0385336179,Shopaholic Ties the Knot,http://images.amazon.com/images/P/0385336179.01.LZZZZZZZ.jpg
0553582755,One Door Away from Heaven,http://images.amazon.com/images/P/0553582755.01.LZZZZZZZ.jpg
0452268060,How the Garcia Girls Lost Their Accents (Plume Contemporary Fiction),http://images.amazon.com/images/P/0452268060.01.LZZZZZZZ.jpg
044651652X,The Bridges of Madison County,http://images.amazon.com/images/P/044651652X.01.LZZZZZZZ.jpg
0345339738,"The Return of the King (The Lord of the Rings, Part 3)",http://images.amazon.com/images/P/0345339738.01.LZZZZZZZ.jpg
0446679593,Suzanne's Diary for Nicholas,http://images.amazon.com/images/P/0446679593.01.LZZZZZZZ.jpg
1573225517,High Fidelity,http://images.amazon.com/images/P/1573225517.01.LZZZZZZZ.jpg
0802130208,A Confederacy of Dunces (Evergreen Book),http://images.amazon.com/images/P/0802130208.01.LZZZZZZZ.jpg
0156628708,Mrs Dalloway,http://images.amazon.com/images/P/0156628708.01.LZZZZZZZ.jpg
0060199652,Prodigal Summer,http://images.amazon.com/images/P/0060199652.01.LZZZZZZZ.jpg
034541389X,Flesh and Blood,http://images.amazon.com/images/P/034541389X.01.LZZZZZZZ.jpg
0316284955,White Oleander : A Novel (Oprah's Book Club),http://images.amazon.com/images/P/0316284955.01.LZZZZZZZ.jpg
0060987529,Confessions of an Ugly Stepsister : A Novel,http://images.amazon.com/images/P/0060987529.01.LZZZZZZZ.jpg
0553277472,Zen and the Art of Motorcycle Maintenance: An Inquiry into Values,http://images.amazon.com/images/P/0553277472.01.LZZZZZZZ.jpg
0553560247,Dying for Chocolate (Culinary Mysteries (Paperback)),http://images.amazon.com/images/P/0553560247.01.LZZZZZZZ.jpg
051512608X,The Reef,http://images.amazon.com/images/P/051512608X.01.LZZZZZZZ.jpg
067088300X,The Girls' Guide to Hunting and Fishing,http://images.amazon.com/images/P/067088300X.01.LZZZZZZZ.jpg
0375727345,House of Sand and Fog,http://images.amazon.com/images/P/0375727345.01.LZZZZZZZ.jpg
0446608890,Saving Faith,http://images.amazon.com/images/P/0446608890.01.LZZZZZZZ.jpg
0743437640,The Mulberry Tree,http://images.amazon.com/images/P/0743437640.01.LZZZZZZZ.jpg
0375703861,White Teeth: A Novel,http://images.amazon.com/images/P/0375703861.01.LZZZZZZZ.jpg
0425152251,Sophie's World: A Novel About the History of Philosophy,http://images.amazon.com/images/P/0425152251.01.LZZZZZZZ.jpg
0312924585,Silence of the Lambs,http://images.amazon.com/images/P/0312924585.01.LZZZZZZZ.jpg
0385479565,The Hot Zone,http://images.amazon.com/images/P/0385479565.01.LZZZZZZZ.jpg
0425162443,The Rapture of Canaan,http://images.amazon.com/images/P/0425162443.01.LZZZZZZZ.jpg
0515132020,Heaven and Earth (Three Sisters Island Trilogy),http://images.amazon.com/images/P/0515132020.01.LZZZZZZZ.jpg
0515131229,Dance upon the Air (Three Sisters Island Trilogy),http://images.amazon.com/images/P/0515131229.01.LZZZZZZZ.jpg
038079487X,What Looks Like Crazy On An Ordinary Day,http://images.amazon.com/images/P/038079487X.01.LZZZZZZZ.jpg
0684872153,Angela's Ashes (MMP) : A Memoir,http://images.amazon.com/images/P/0684872153.01.LZZZZZZZ.jpg
0312421273,The Corrections: A Novel,http://images.amazon.com/images/P/0312421273.01.LZZZZZZZ.jpg
0786866586,Shopgirl : A Novella,http://images.amazon.com/images/P/0786866586.01.LZZZZZZZ.jpg
0064407675,"The Reptile Room (A Series of Unfortunate Events, Book 2)",http://images.amazon.com/images/P/0064407675.01.LZZZZZZZ.jpg
0380977788,Coraline,http://images.amazon.com/images/P/0380977788.01.LZZZZZZZ.jpg
0553571818,Long After Midnight,http://images.amazon.com/images/P/0553571818.01.LZZZZZZZ.jpg
0441790348,Stranger in a Strange Land (Remembering Tomorrow),http://images.amazon.com/images/P/0441790348.01.LZZZZZZZ.jpg
0345391055,Disclosure,http://images.amazon.com/images/P/0345391055.01.LZZZZZZZ.jpg
0375760911,The Idiot Girls' Action Adventure Club,http://images.amazon.com/images/P/0375760911.01.LZZZZZZZ.jpg
0374129983,The Corrections,http://images.amazon.com/images/P/0374129983.01.LZZZZZZZ.jpg
0345413350,"The Golden Compass (His Dark Materials, Book 1)",http://images.amazon.com/images/P/0345413350.01.LZZZZZZZ.jpg
0316601950,The Pilot's Wife : A Novel,http://images.amazon.com/images/P/0316601950.01.LZZZZZZZ.jpg
1573227331,About a Boy,http://images.amazon.com/images/P/1573227331.01.LZZZZZZZ.jpg
080411918X,A Patchwork Planet,http://images.amazon.com/images/P/080411918X.01.LZZZZZZZ.jpg
0066214122,Prey: A Novel,http://images.amazon.com/images/P/0066214122.01.LZZZZZZZ.jpg
0375502238,Blessings,http://images.amazon.com/images/P/0375502238.01.LZZZZZZZ.jpg
0440202043,Shell Seekers,http://images.amazon.com/images/P/0440202043.01.LZZZZZZZ.jpg
0451183665,A Case of Need,http://images.amazon.com/images/P/0451183665.01.LZZZZZZZ.jpg
0399150897,Blow Fly: A Scarpetta Novel,http://images.amazon.com/images/P/0399150897.01.LZZZZZZZ.jpg
038550926X,The Devil Wears Prada : A Novel,http://images.amazon.com/images/P/038550926X.01.LZZZZZZZ.jpg
0671004530,On the Street Where You Live,http://images.amazon.com/images/P/0671004530.01.LZZZZZZZ.jpg
0060959037,Prodigal Summer: A Novel,http://images.amazon.com/images/P/0060959037.01.LZZZZZZZ.jpg
014028009X,Bridget Jones's Diary,http://images.amazon.com/images/P/014028009X.01.LZZZZZZZ.jpg
0452282829,We Were the Mulvaneys,http://images.amazon.com/images/P/0452282829.01.LZZZZZZZ.jpg
0060929871,Brave New World,http://images.amazon.com/images/P/0060929871.01.LZZZZZZZ.jpg
0385722206,Balzac and the Little Chinese Seamstress : A Novel,http://images.amazon.com/images/P/0385722206.01.LZZZZZZZ.jpg
0142001430,Year of Wonders,http://images.amazon.com/images/P/0142001430.01.LZZZZZZZ.jpg
080410526X,All I Really Need to Know,http://images.amazon.com/images/P/080410526X.01.LZZZZZZZ.jpg
031242227X,Running with Scissors: A Memoir,http://images.amazon.com/images/P/031242227X.01.LZZZZZZZ.jpg
0440235596,Tara Road,http://images.amazon.com/images/P/0440235596.01.LZZZZZZZ.jpg
042516098X,Hornet's Nest,http://images.amazon.com/images/P/042516098X.01.LZZZZZZZ.jpg
0446613266,Four Blind Mice,http://images.amazon.com/images/P/0446613266.01.LZZZZZZZ.jpg
038549081X,The Handmaid's Tale : A Novel,http://images.amazon.com/images/P/038549081X.01.LZZZZZZZ.jpg
0552998486,Chocolat,http://images.amazon.com/images/P/0552998486.01.LZZZZZZZ.jpg
0671041789,The Green Mile,http://images.amazon.com/images/P/0671041789.01.LZZZZZZZ.jpg
0439139597,Harry Potter and the Goblet of Fire (Book 4),http://images.amazon.com/images/P/0439139597.01.LZZZZZZZ.jpg
0439064864,Harry Potter and the Chamber of Secrets (Book 2),http://images.amazon.com/images/P/0439064864.01.LZZZZZZZ.jpg
0440180295,Slaughterhouse Five or the Children's Crusade: A Duty Dance With Death,http://images.amazon.com/images/P/0440180295.01.LZZZZZZZ.jpg
0449003795,P Is for Peril,http://images.amazon.com/images/P/0449003795.01.LZZZZZZZ.jpg
1551668998,Beach House,http://images.amazon.com/images/P/1551668998.01.LZZZZZZZ.jpg
044651862X,The Celestine Prophecy (Celestine Prophecy),http://images.amazon.com/images/P/044651862X.01.LZZZZZZZ.jpg
043935806X,Harry Potter and the Order of the Phoenix (Book 5),http://images.amazon.com/images/P/043935806X.01.LZZZZZZZ.jpg
0451184963,Insomnia,http://images.amazon.com/images/P/0451184963.01.LZZZZZZZ.jpg
0440220602,The Chamber,http://images.amazon.com/images/P/0440220602.01.LZZZZZZZ.jpg
042513525X,Hideaway,http://images.amazon.com/images/P/042513525X.01.LZZZZZZZ.jpg
0451156609,The Tommyknockers,http://images.amazon.com/images/P/0451156609.01.LZZZZZZZ.jpg
1400031354,Tears of the Giraffe (No.1 Ladies Detective Agency),http://images.amazon.com/images/P/1400031354.01.LZZZZZZZ.jpg
0425170349,Rainbow Six,http://images.amazon.com/images/P/0425170349.01.LZZZZZZZ.jpg
0446608955,A Walk to Remember,http://images.amazon.com/images/P/0446608955.01.LZZZZZZZ.jpg
0440414806,Holes (Yearling Newbery),http://images.amazon.com/images/P/0440414806.01.LZZZZZZZ.jpg
0440241073,The Summons,http://images.amazon.com/images/P/0440241073.01.LZZZZZZZ.jpg
0449227421,The Third Twin,http://images.amazon.com/images/P/0449227421.01.LZZZZZZZ.jpg
0446606324,The Winner,http://images.amazon.com/images/P/0446606324.01.LZZZZZZZ.jpg
0515132187,The Villa,http://images.amazon.com/images/P/0515132187.01.LZZZZZZZ.jpg
0446670251,The Virgin Suicides,http://images.amazon.com/images/P/0446670251.01.LZZZZZZZ.jpg
0425154092,From Potter's Field,http://images.amazon.com/images/P/0425154092.01.LZZZZZZZ.jpg
0671014196,The Summerhouse,http://images.amazon.com/images/P/0671014196.01.LZZZZZZZ.jpg
0871136791,Cold Mountain,http://images.amazon.com/images/P/0871136791.01.LZZZZZZZ.jpg
0385475721,The Blind Assassin,http://images.amazon.com/images/P/0385475721.01.LZZZZZZZ.jpg
0553271636,D Is for Deadbeat (Kinsey Millhone Mysteries (Paperback)),http://images.amazon.com/images/P/0553271636.01.LZZZZZZZ.jpg
0679751521,Midnight in the Garden of Good and Evil,http://images.amazon.com/images/P/0679751521.01.LZZZZZZZ.jpg
0312966091,Three To Get Deadly : A Stephanie Plum Novel (A Stephanie Plum Novel),http://images.amazon.com/images/P/0312966091.01.LZZZZZZZ.jpg
0671001795,Two for the Dough,http://images.amazon.com/images/P/0671001795.01.LZZZZZZZ.jpg
0553274295,Where the Red Fern Grows,http://images.amazon.com/images/P/0553274295.01.LZZZZZZZ.jpg
0316693235,Violets Are Blue,http://images.amazon.com/images/P/0316693235.01.LZZZZZZZ.jpg
0425153975,The Eyes of Darkness,http://images.amazon.com/images/P/0425153975.01.LZZZZZZZ.jpg
0399149325,Portrait of a Killer: Jack the Ripper -- Case Closed,http://images.amazon.com/images/P/0399149325.01.LZZZZZZZ.jpg
0804114986,The Bonesetter's Daughter,http://images.amazon.com/images/P/0804114986.01.LZZZZZZZ.jpg
0446611808,Envy,http://images.amazon.com/images/P/0446611808.01.LZZZZZZZ.jpg
0425178102,Big Trouble,http://images.amazon.com/images/P/0425178102.01.LZZZZZZZ.jpg
0312144075,The Samurai's Garden : A Novel,http://images.amazon.com/images/P/0312144075.01.LZZZZZZZ.jpg
0451206525,Dead Sleep,http://images.amazon.com/images/P/0451206525.01.LZZZZZZZ.jpg
0451167317,The Dark Half,http://images.amazon.com/images/P/0451167317.01.LZZZZZZZ.jpg
0312980159,Fast Women,http://images.amazon.com/images/P/0312980159.01.LZZZZZZZ.jpg
0312983271,Full House (Janet Evanovich's Full Series),http://images.amazon.com/images/P/0312983271.01.LZZZZZZZ.jpg
0553284789,F Is for Fugitive (Kinsey Millhone Mysteries (Paperback)),http://images.amazon.com/images/P/0553284789.01.LZZZZZZZ.jpg
0553279556,E Is for Evidence: A Kinsey Millhone Mystery (Kinsey Millhone Mysteries (Paperback)),http://images.amazon.com/images/P/0553279556.01.LZZZZZZZ.jpg
0446605409,Plum Island,http://images.amazon.com/images/P/0446605409.01.LZZZZZZZ.jpg
0439136369,Harry Potter and the Prisoner of Azkaban (Book 3),http://images.amazon.com/images/P/0439136369.01.LZZZZZZZ.jpg
0452280621,Beloved,http://images.amazon.com/images/P/0452280621.01.LZZZZZZZ.jpg
0385503822,The Summons,http://images.amazon.com/images/P/0385503822.01.LZZZZZZZ.jpg
0609804138,The Sweet Potato Queens' Book of Love,http://images.amazon.com/images/P/0609804138.01.LZZZZZZZ.jpg
0345439104,Drowning Ruth (Oprah's Book Club),http://images.amazon.com/images/P/0345439104.01.LZZZZZZZ.jpg
0425180638,The Last Precinct,http://images.amazon.com/images/P/0425180638.01.LZZZZZZZ.jpg
0312924801,September,http://images.amazon.com/images/P/0312924801.01.LZZZZZZZ.jpg
0679735909,Possession : A Romance,http://images.amazon.com/images/P/0679735909.01.LZZZZZZZ.jpg
0449221490,L Is for Lawless,http://images.amazon.com/images/P/0449221490.01.LZZZZZZZ.jpg
042513699X,Turtle Moon,http://images.amazon.com/images/P/042513699X.01.LZZZZZZZ.jpg
0345387651,The Cider House Rules,http://images.amazon.com/images/P/0345387651.01.LZZZZZZZ.jpg
0679444815,Timeline,http://images.amazon.com/images/P/0679444815.01.LZZZZZZZ.jpg
0060921145,Animal Dreams,http://images.amazon.com/images/P/0060921145.01.LZZZZZZZ.jpg
0743467523,Dreamcatcher,http://images.amazon.com/images/P/0743467523.01.LZZZZZZZ.jpg
0345404114,Sleepers,http://images.amazon.com/images/P/0345404114.01.LZZZZZZZ.jpg
0671027662,Coast Road: A Novel,http://images.amazon.com/images/P/0671027662.01.LZZZZZZZ.jpg
0345427637,The Angel of Darkness,http://images.amazon.com/images/P/0345427637.01.LZZZZZZZ.jpg
0671042572,Jewel (Oprah's Book Club),http://images.amazon.com/images/P/0671042572.01.LZZZZZZZ.jpg
0449221512,I Is for Innocent,http://images.amazon.com/images/P/0449221512.01.LZZZZZZZ.jpg
1400031362,Morality for Beautiful Girls (No.1 Ladies Detective Agency),http://images.amazon.com/images/P/1400031362.01.LZZZZZZZ.jpg
0449223612,N Is for Noose,http://images.amazon.com/images/P/0449223612.01.LZZZZZZZ.jpg
0440998050,A Wrinkle in Time,http://images.amazon.com/images/P/0440998050.01.LZZZZZZZ.jpg
0679745203,The English Patient,http://images.amazon.com/images/P/0679745203.01.LZZZZZZZ.jpg
034543479X,A Widow for One Year,http://images.amazon.com/images/P/034543479X.01.LZZZZZZZ.jpg
0439139600,Harry Potter and the Goblet of Fire (Book 4),http://images.amazon.com/images/P/0439139600.01.LZZZZZZZ.jpg
0399146253,The Last Precinct,http://images.amazon.com/images/P/0399146253.01.LZZZZZZZ.jpg
0553279378,I Know Why the Caged Bird Sings,http://images.amazon.com/images/P/0553279378.01.LZZZZZZZ.jpg
0425083837,The Hunt for Red October,http://images.amazon.com/images/P/0425083837.01.LZZZZZZZ.jpg
0553292722,Still Waters,http://images.amazon.com/images/P/0553292722.01.LZZZZZZZ.jpg
0312983867,Hard Eight : A Stephanie Plum Novel (A Stephanie Plum Novel),http://images.amazon.com/images/P/0312983867.01.LZZZZZZZ.jpg
1400031346,The No. 1 Ladies' Detective Agency,http://images.amazon.com/images/P/1400031346.01.LZZZZZZZ.jpg
0316781142,The Last Time They Met : A Novel,http://images.amazon.com/images/P/0316781142.01.LZZZZZZZ.jpg
0425147584,Debt of Honor (Jack Ryan Novels),http://images.amazon.com/images/P/0425147584.01.LZZZZZZZ.jpg
0670865796,The Deep End of the Ocean (Oprah's Book Club (Hardcover)),http://images.amazon.com/images/P/0670865796.01.LZZZZZZZ.jpg
0425192725,Q Is for Quarry,http://images.amazon.com/images/P/0425192725.01.LZZZZZZZ.jpg
031298328X,Full Tilt (Janet Evanovich's Full Series),http://images.amazon.com/images/P/031298328X.01.LZZZZZZZ.jpg
0345435168,Open House (Oprah's Book Club (Paperback)),http://images.amazon.com/images/P/0345435168.01.LZZZZZZZ.jpg
0380730847,The Forgotten (Peter Decker &amp; Rina Lazarus Novels (Paperback)),http://images.amazon.com/images/P/0380730847.01.LZZZZZZZ.jpg
0440221595,The Glass Lake,http://images.amazon.com/images/P/0440221595.01.LZZZZZZZ.jpg
0440222656,The Horse Whisperer,http://images.amazon.com/images/P/0440222656.01.LZZZZZZZ.jpg
0316899984,"River, Cross My Heart",http://images.amazon.com/images/P/0316899984.01.LZZZZZZZ.jpg
014029628X,Girl in Hyacinth Blue,http://images.amazon.com/images/P/014029628X.01.LZZZZZZZ.jpg
0064472272,"Angus, Thongs and Full-Frontal Snogging: Confessions of Georgia Nicolson",http://images.amazon.com/images/P/0064472272.01.LZZZZZZZ.jpg
0515121843,Sea Swept (Quinn Brothers (Paperback)),http://images.amazon.com/images/P/0515121843.01.LZZZZZZZ.jpg
0399147195,P Is for Peril (Kinsey Millhone Mysteries (Hardcover)),http://images.amazon.com/images/P/0399147195.01.LZZZZZZZ.jpg
0316780375,The Weight of Water : A Novel Tag: Author of Resistance and Strange Fits of Passion,http://images.amazon.com/images/P/0316780375.01.LZZZZZZZ.jpg
0743436210,Hearts in Atlantis,http://images.amazon.com/images/P/0743436210.01.LZZZZZZZ.jpg
0804105820,It Was on Fire When I Lay Down on It,http://images.amazon.com/images/P/0804105820.01.LZZZZZZZ.jpg
0446604844,Total Control,http://images.amazon.com/images/P/0446604844.01.LZZZZZZZ.jpg
0553582526,Dust to Dust,http://images.amazon.com/images/P/0553582526.01.LZZZZZZZ.jpg
0141000198,Bridget Jones's Diary,http://images.amazon.com/images/P/0141000198.01.LZZZZZZZ.jpg
0671727796,The Color Purple,http://images.amazon.com/images/P/0671727796.01.LZZZZZZZ.jpg
0373218036,"Truly, Madly Manhattan",http://images.amazon.com/images/P/0373218036.01.LZZZZZZZ.jpg
0553572326,Survival of the Fittest: An Alex Delaware Novel,http://images.amazon.com/images/P/0553572326.01.LZZZZZZZ.jpg
0425172546,Southern Cross,http://images.amazon.com/images/P/0425172546.01.LZZZZZZZ.jpg
0140177396,Of Mice and Men (Penguin Great Books of the 20th Century),http://images.amazon.com/images/P/0140177396.01.LZZZZZZZ.jpg
0553280341,B Is for Burglar (Kinsey Millhone Mysteries (Paperback)),http://images.amazon.com/images/P/0553280341.01.LZZZZZZZ.jpg
0553280368,C Is for Corpse (Kinsey Millhone Mysteries (Paperback)),http://images.amazon.com/images/P/0553280368.01.LZZZZZZZ.jpg
0451176464,Gerald's Game,http://images.amazon.com/images/P/0451176464.01.LZZZZZZZ.jpg
0671894455,FORREST GUMP (Movie Tie in),http://images.amazon.com/images/P/0671894455.01.LZZZZZZZ.jpg
0451186362,Rose Madder,http://images.amazon.com/images/P/0451186362.01.LZZZZZZZ.jpg
0446607657,When the Wind Blows,http://images.amazon.com/images/P/0446607657.01.LZZZZZZZ.jpg
0345354613,Eaters of the Dead,http://images.amazon.com/images/P/0345354613.01.LZZZZZZZ.jpg
0441569595,Neuromancer (Remembering Tomorrow),http://images.amazon.com/images/P/0441569595.01.LZZZZZZZ.jpg
0425147363,Tom Clancy's Op-Center (Tom Clancy's Op Center (Paperback)),http://images.amazon.com/images/P/0425147363.01.LZZZZZZZ.jpg
0380820293,Last Chance Saloon,http://images.amazon.com/images/P/0380820293.01.LZZZZZZZ.jpg
0553580930,A Man in Full,http://images.amazon.com/images/P/0553580930.01.LZZZZZZZ.jpg
0312980140,Seven Up (A Stephanie Plum Novel),http://images.amazon.com/images/P/0312980140.01.LZZZZZZZ.jpg
0446611778,Last Man Standing,http://images.amazon.com/images/P/0446611778.01.LZZZZZZZ.jpg
014023313X,The Stone Diaries,http://images.amazon.com/images/P/014023313X.01.LZZZZZZZ.jpg
0375506039,Open House,http://images.amazon.com/images/P/0375506039.01.LZZZZZZZ.jpg
0316788228,The Pilot's Wife,http://images.amazon.com/images/P/0316788228.01.LZZZZZZZ.jpg
0441172717,Dune (Remembering Tomorrow),http://images.amazon.com/images/P/0441172717.01.LZZZZZZZ.jpg
0345441036,Black House,http://images.amazon.com/images/P/0345441036.01.LZZZZZZZ.jpg
0553571885,A Thin Dark Line (Mysteries &amp; Horror),http://images.amazon.com/images/P/0553571885.01.LZZZZZZZ.jpg
0553576801,The Perfect Husband,http://images.amazon.com/images/P/0553576801.01.LZZZZZZZ.jpg
0553578022,The Face of Deception,http://images.amazon.com/images/P/0553578022.01.LZZZZZZZ.jpg
0449219364,G Is for Gumshoe (Kinsey Millhone Mysteries (Paperback)),http://images.amazon.com/images/P/0449219364.01.LZZZZZZZ.jpg
0743227441,The Other Boleyn Girl,http://images.amazon.com/images/P/0743227441.01.LZZZZZZZ.jpg
0553275976,The Bonfire of the Vanities,http://images.amazon.com/images/P/0553275976.01.LZZZZZZZ.jpg
0140092323,Lake Wobegon days,http://images.amazon.com/images/P/0140092323.01.LZZZZZZZ.jpg
0553582127,The Search,http://images.amazon.com/images/P/0553582127.01.LZZZZZZZ.jpg
0425192733,Portrait of a Killer: Jack the Ripper-- Case Closed (Berkley True Crime),http://images.amazon.com/images/P/0425192733.01.LZZZZZZZ.jpg
0767915054,A Girl Named Zippy: Growing Up Small in Mooreland Indiana (Today Show Book Club #3),http://images.amazon.com/images/P/0767915054.01.LZZZZZZZ.jpg
0452284449,The Virgin Blue,http://images.amazon.com/images/P/0452284449.01.LZZZZZZZ.jpg
0446610542,The Bachelor (Warner Books Contemporary Romance),http://images.amazon.com/images/P/0446610542.01.LZZZZZZZ.jpg
0425132951,The House of Thunder,http://images.amazon.com/images/P/0425132951.01.LZZZZZZZ.jpg
0451188454,The Bone Collector (Lincoln Rhyme Novels (Paperback)),http://images.amazon.com/images/P/0451188454.01.LZZZZZZZ.jpg
0345413881,Dr. Death (Alex Delaware Novels (Paperback)),http://images.amazon.com/images/P/0345413881.01.LZZZZZZZ.jpg
0451163966,One Flew Over the Cuckoo's Nest,http://images.amazon.com/images/P/0451163966.01.LZZZZZZZ.jpg
0451170385,Four Past Midnight,http://images.amazon.com/images/P/0451170385.01.LZZZZZZZ.jpg
006016848X,"Men Are from Mars, Women Are from Venus: A Practical Guide for Improving Communication and Getting What You Want in Your Relationships",http://images.amazon.com/images/P/006016848X.01.LZZZZZZZ.jpg
0440212561,Outlander,http://images.amazon.com/images/P/0440212561.01.LZZZZZZZ.jpg
0515133302,Hemlock Bay,http://images.amazon.com/images/P/0515133302.01.LZZZZZZZ.jpg
0684801523,The Great Gatsby,http://images.amazon.com/images/P/0684801523.01.LZZZZZZZ.jpg
042510107X,Red Storm Rising,http://images.amazon.com/images/P/042510107X.01.LZZZZZZZ.jpg
043936213X,Harry Potter and the Sorcerer's Stone (Book 1),http://images.amazon.com/images/P/043936213X.01.LZZZZZZZ.jpg
0312966806,Tell Me Lies (Tell Me Lies),http://images.amazon.com/images/P/0312966806.01.LZZZZZZZ.jpg
0688177859,"Ahab's Wife: Or, The Star-Gazer: A Novel",http://images.amazon.com/images/P/0688177859.01.LZZZZZZZ.jpg
0553573136,Couplehood,http://images.amazon.com/images/P/0553573136.01.LZZZZZZZ.jpg
0451204530,Code to Zero,http://images.amazon.com/images/P/0451204530.01.LZZZZZZZ.jpg
0446603716,Hide &amp; Seek,http://images.amazon.com/images/P/0446603716.01.LZZZZZZZ.jpg
0743460529,Daddy's Little Girl,http://images.amazon.com/images/P/0743460529.01.LZZZZZZZ.jpg
0373825013,"Whirlwind (Tyler, Book 1)",http://images.amazon.com/images/P/0373825013.01.LZZZZZZZ.jpg
0671880314,Schindler's List,http://images.amazon.com/images/P/0671880314.01.LZZZZZZZ.jpg
038550120X,A Painted House,http://images.amazon.com/images/P/038550120X.01.LZZZZZZZ.jpg
0385502532,Drowning Ruth,http://images.amazon.com/images/P/0385502532.01.LZZZZZZZ.jpg
0373218397,Summer Pleasures,http://images.amazon.com/images/P/0373218397.01.LZZZZZZZ.jpg
0375703063,A Virtuous Woman (Oprah's Book Club (Paperback)),http://images.amazon.com/images/P/0375703063.01.LZZZZZZZ.jpg
076790592X,"Tuesdays with Morrie: An Old Man, a Young Man, and Life's Greatest Lesson",http://images.amazon.com/images/P/076790592X.01.LZZZZZZZ.jpg
0446360589,The Burden of Proof,http://images.amazon.com/images/P/0446360589.01.LZZZZZZZ.jpg
0553580221,False Memory,http://images.amazon.com/images/P/0553580221.01.LZZZZZZZ.jpg
0345368754,Foucault's Pendulum,http://images.amazon.com/images/P/0345368754.01.LZZZZZZZ.jpg
0446603929,See How They Run,http://images.amazon.com/images/P/0446603929.01.LZZZZZZZ.jpg
0451169522,Misery,http://images.amazon.com/images/P/0451169522.01.LZZZZZZZ.jpg
0140179836,The Liar's Club: A Memoir,http://images.amazon.com/images/P/0140179836.01.LZZZZZZZ.jpg
044022103X,One True Thing,http://images.amazon.com/images/P/044022103X.01.LZZZZZZZ.jpg
0553581554,The Killing Game: Only One Can Win...and the Loser Dies,http://images.amazon.com/images/P/0553581554.01.LZZZZZZZ.jpg
0451180232,Nightmares &amp; Dreamscapes,http://images.amazon.com/images/P/0451180232.01.LZZZZZZZ.jpg
0425107469,Watchers,http://images.amazon.com/images/P/0425107469.01.LZZZZZZZ.jpg
0553580191,Seize the Night,http://images.amazon.com/images/P/0553580191.01.LZZZZZZZ.jpg
0451172817,Needful Things,http://images.amazon.com/images/P/0451172817.01.LZZZZZZZ.jpg
0743211375,From a Buick 8 : A Novel,http://images.amazon.com/images/P/0743211375.01.LZZZZZZZ.jpg
080411868X,"Welcome to the World, Baby Girl!",http://images.amazon.com/images/P/080411868X.01.LZZZZZZZ.jpg
140003065X,A Fine Balance,http://images.amazon.com/images/P/140003065X.01.LZZZZZZZ.jpg
0671011367,Deja Dead,http://images.amazon.com/images/P/0671011367.01.LZZZZZZZ.jpg
0553569910,The Ugly Duckling,http://images.amazon.com/images/P/0553569910.01.LZZZZZZZ.jpg
0743418204,In Her Shoes : A Novel,http://images.amazon.com/images/P/0743418204.01.LZZZZZZZ.jpg
0060391626,I Know This Much Is True (Oprah's Book Club),http://images.amazon.com/images/P/0060391626.01.LZZZZZZZ.jpg
0743203631,Gap Creek: The Story Of A Marriage,http://images.amazon.com/images/P/0743203631.01.LZZZZZZZ.jpg
080411109X,The Hundred Secret Senses,http://images.amazon.com/images/P/080411109X.01.LZZZZZZZ.jpg
0312974256,Welcome to Temptation,http://images.amazon.com/images/P/0312974256.01.LZZZZZZZ.jpg
0446608815,Pop Goes the Weasel,http://images.amazon.com/images/P/0446608815.01.LZZZZZZZ.jpg
0515128546,Tears of the Moon (Irish Trilogy),http://images.amazon.com/images/P/0515128546.01.LZZZZZZZ.jpg
0670880728,Bridget Jones's Diary,http://images.amazon.com/images/P/0670880728.01.LZZZZZZZ.jpg
0345422317,The Genesis Code,http://images.amazon.com/images/P/0345422317.01.LZZZZZZZ.jpg
0446520802,The Notebook,http://images.amazon.com/images/P/0446520802.01.LZZZZZZZ.jpg
0515130966,Riptide,http://images.amazon.com/images/P/0515130966.01.LZZZZZZZ.jpg
0425092917,The Accidental Tourist,http://images.amazon.com/images/P/0425092917.01.LZZZZZZZ.jpg
0451160525,"The Gunslinger (The Dark Tower, Book 1)",http://images.amazon.com/images/P/0451160525.01.LZZZZZZZ.jpg
1558745157,The Lost Boy: A Foster Child's Search for the Love of a Family,http://images.amazon.com/images/P/1558745157.01.LZZZZZZZ.jpg
0446675059,The Honk and Holler Opening Soon,http://images.amazon.com/images/P/0446675059.01.LZZZZZZZ.jpg
0316781010,Fortune's Rocks: A Novel,http://images.amazon.com/images/P/0316781010.01.LZZZZZZZ.jpg
0425163407,Unnatural Exposure,http://images.amazon.com/images/P/0425163407.01.LZZZZZZZ.jpg
0425136981,Shadowfires,http://images.amazon.com/images/P/0425136981.01.LZZZZZZZ.jpg
0804115761,Thousand Acres,http://images.amazon.com/images/P/0804115761.01.LZZZZZZZ.jpg
0671867091,Remember Me,http://images.amazon.com/images/P/0671867091.01.LZZZZZZZ.jpg
0425147517,The Key to Midnight,http://images.amazon.com/images/P/0425147517.01.LZZZZZZZ.jpg
0345386108,Winter Moon,http://images.amazon.com/images/P/0345386108.01.LZZZZZZZ.jpg
0451203771,Scarlet Feather,http://images.amazon.com/images/P/0451203771.01.LZZZZZZZ.jpg
0786867647,Lucky Man: A Memoir,http://images.amazon.com/images/P/0786867647.01.LZZZZZZZ.jpg
0515133973,Midnight Bayou,http://images.amazon.com/images/P/0515133973.01.LZZZZZZZ.jpg
0345445848,Big Cherry Holler: A Big Stone Gap Novel (Ballantine Reader's Circle),http://images.amazon.com/images/P/0345445848.01.LZZZZZZZ.jpg
0670894184,Back Roads,http://images.amazon.com/images/P/0670894184.01.LZZZZZZZ.jpg
038542017X,"Like Water for Chocolate : A Novel in Monthly Installments with Recipes, Romances, and Home Remedies",http://images.amazon.com/images/P/038542017X.01.LZZZZZZZ.jpg
0553574574,Beach Music,http://images.amazon.com/images/P/0553574574.01.LZZZZZZZ.jpg
0061097101,The Saving Graces: A Novel,http://images.amazon.com/images/P/0061097101.01.LZZZZZZZ.jpg
0425155404,Invasion,http://images.amazon.com/images/P/0425155404.01.LZZZZZZZ.jpg
0399149155,Q Is for Quarry,http://images.amazon.com/images/P/0399149155.01.LZZZZZZZ.jpg
0449910237,Moo,http://images.amazon.com/images/P/0449910237.01.LZZZZZZZ.jpg
0425150143,Tom Clancy's Op-Center: Mirror Image (Tom Clancy's Op Center (Paperback)),http://images.amazon.com/images/P/0425150143.01.LZZZZZZZ.jpg
0446609404,Cradle and All,http://images.amazon.com/images/P/0446609404.01.LZZZZZZZ.jpg
0449203794,Space,http://images.amazon.com/images/P/0449203794.01.LZZZZZZZ.jpg
0385503954,Atonement: A Novel,http://images.amazon.com/images/P/0385503954.01.LZZZZZZZ.jpg
0842329242,Nicolae: The Rise of Antichrist (Left Behind No. 3),http://images.amazon.com/images/P/0842329242.01.LZZZZZZZ.jpg
0679731725,The Remains of the Day (Vintage International),http://images.amazon.com/images/P/0679731725.01.LZZZZZZZ.jpg
0312265859,Hard Eight : A Stephanie Plum Novel (A Stephanie Plum Novel),http://images.amazon.com/images/P/0312265859.01.LZZZZZZZ.jpg
0425151867,Acceptable Risk,http://images.amazon.com/images/P/0425151867.01.LZZZZZZZ.jpg
0312982518,The Sigma Protocol,http://images.amazon.com/images/P/0312982518.01.LZZZZZZZ.jpg
0553250426,The Clan of the Cave Bear (Earth's Children (Paperback)),http://images.amazon.com/images/P/0553250426.01.LZZZZZZZ.jpg
0446363251,"Scarlett : The Sequel to Margaret Mitchell's \Gone With the Wind\""""",http://images.amazon.com/images/P/0446363251.01.LZZZZZZZ.jpg
0440223202,Evening Class,http://images.amazon.com/images/P/0440223202.01.LZZZZZZZ.jpg
0140042598,On the Road,http://images.amazon.com/images/P/0140042598.01.LZZZZZZZ.jpg
0446364800,The General's Daughter,http://images.amazon.com/images/P/0446364800.01.LZZZZZZZ.jpg
014100018X,Chocolat,http://images.amazon.com/images/P/014100018X.01.LZZZZZZZ.jpg
0786817070,"Artemis Fowl (Artemis Fowl, Book 1)",http://images.amazon.com/images/P/0786817070.01.LZZZZZZZ.jpg
0440213290,The Copper Beech,http://images.amazon.com/images/P/0440213290.01.LZZZZZZZ.jpg
0515136379,Key of Knowledge (Key Trilogy (Paperback)),http://images.amazon.com/images/P/0515136379.01.LZZZZZZZ.jpg
0515136530,"Key of Valor (Roberts, Nora. Key Trilogy, 3.)",http://images.amazon.com/images/P/0515136530.01.LZZZZZZZ.jpg
051513628X,Key of Light (Key Trilogy (Paperback)),http://images.amazon.com/images/P/051513628X.01.LZZZZZZZ.jpg
0671693816,Wifey,http://images.amazon.com/images/P/0671693816.01.LZZZZZZZ.jpg
0440498058,A Wrinkle In Time,http://images.amazon.com/images/P/0440498058.01.LZZZZZZZ.jpg
0452282195,The Bluest Eye,http://images.amazon.com/images/P/0452282195.01.LZZZZZZZ.jpg
0060096195,The Boy Next Door,http://images.amazon.com/images/P/0060096195.01.LZZZZZZZ.jpg
0515122734,Sanctuary,http://images.amazon.com/images/P/0515122734.01.LZZZZZZZ.jpg
0842329250,Soul Harvest: The World Takes Sides (Left Behind No. 4),http://images.amazon.com/images/P/0842329250.01.LZZZZZZZ.jpg
0385720955,The Blind Assassin,http://images.amazon.com/images/P/0385720955.01.LZZZZZZZ.jpg
0316777722,Me Talk Pretty One Day,http://images.amazon.com/images/P/0316777722.01.LZZZZZZZ.jpg
0679744398,"All the Pretty Horses (The Border Trilogy, Vol 1)",http://images.amazon.com/images/P/0679744398.01.LZZZZZZZ.jpg
0446611085,Suzanne's Diary for Nicholas,http://images.amazon.com/images/P/0446611085.01.LZZZZZZZ.jpg
0440224594,The Return Journey,http://images.amazon.com/images/P/0440224594.01.LZZZZZZZ.jpg
0553569155,Seinlanguage,http://images.amazon.com/images/P/0553569155.01.LZZZZZZZ.jpg
034536676X,The World According to Garp,http://images.amazon.com/images/P/034536676X.01.LZZZZZZZ.jpg
0743437802,The Stone Monkey (Lincoln Rhyme Novels (Paperback)),http://images.amazon.com/images/P/0743437802.01.LZZZZZZZ.jpg
0515126772,Jewels of the Sun (Irish Trilogy),http://images.amazon.com/images/P/0515126772.01.LZZZZZZZ.jpg
0679735771,American Psycho (Vintage Contemporaries),http://images.amazon.com/images/P/0679735771.01.LZZZZZZZ.jpg
067100042X,Silent Night : A Christmas Suspense Story,http://images.amazon.com/images/P/067100042X.01.LZZZZZZZ.jpg
0449219461,H Is for Homicide (Kinsey Millhone Mysteries (Paperback)),http://images.amazon.com/images/P/0449219461.01.LZZZZZZZ.jpg
0425158632,Executive Orders (Jack Ryan Novels),http://images.amazon.com/images/P/0425158632.01.LZZZZZZZ.jpg
0446606189,Cat &amp; Mouse (Alex Cross Novels),http://images.amazon.com/images/P/0446606189.01.LZZZZZZZ.jpg
0374199698,Middlesex: A Novel,http://images.amazon.com/images/P/0374199698.01.LZZZZZZZ.jpg
0446602620,Blood Work,http://images.amazon.com/images/P/0446602620.01.LZZZZZZZ.jpg
0425189864,Mortal Prey,http://images.amazon.com/images/P/0425189864.01.LZZZZZZZ.jpg
0425109720,Patriot Games (Jack Ryan Novels),http://images.amazon.com/images/P/0425109720.01.LZZZZZZZ.jpg
0515124214,Inner Harbor (Quinn Brothers (Paperback)),http://images.amazon.com/images/P/0515124214.01.LZZZZZZZ.jpg
0345397819,Lasher: Lives of the Mayfair Witches (Lives of the Mayfair Witches),http://images.amazon.com/images/P/0345397819.01.LZZZZZZZ.jpg
0312971125,Crazy for You,http://images.amazon.com/images/P/0312971125.01.LZZZZZZZ.jpg
051511992X,That Camden Summer,http://images.amazon.com/images/P/051511992X.01.LZZZZZZZ.jpg
0446603589,Absolute Power,http://images.amazon.com/images/P/0446603589.01.LZZZZZZZ.jpg
0451197747,The Deep End of the Ocean,http://images.amazon.com/images/P/0451197747.01.LZZZZZZZ.jpg
0451207521,Jackdaws,http://images.amazon.com/images/P/0451207521.01.LZZZZZZZ.jpg
0425178765,Easy Prey,http://images.amazon.com/images/P/0425178765.01.LZZZZZZZ.jpg
0449223604,M Is for Malice,http://images.amazon.com/images/P/0449223604.01.LZZZZZZZ.jpg
0345444884,The Talisman,http://images.amazon.com/images/P/0345444884.01.LZZZZZZZ.jpg
0060008032,Angels,http://images.amazon.com/images/P/0060008032.01.LZZZZZZZ.jpg
0515135739,Eleventh Hour: An FBI Thriller (FBI Thriller (Jove Paperback)),http://images.amazon.com/images/P/0515135739.01.LZZZZZZZ.jpg
